PDB	Name
24XY	BRIL
25IF	FLAG-M4(2-23) fusion
25IK	BRIL
25IK	LgBiT tag
25IL	BRIL
25IL	LgBiT tag
26XH	BRIL
2RH1	T4-Lysozyme
3ODU	T4-Lysozyme
3OE0	T4-Lysozyme
3OE6	T4-Lysozyme
3OE8	T4-Lysozyme
3SN6	T4-Lysozyme
4DAJ	T4-Lysozyme
4DKL	T4-Lysozyme
4EA3	BRIL
4EIY	BRIL
4K5Y	T4-Lysozyme
4MBS	Rubredoxin
4QKX	T4-Lysozyme
4U15	mT4L (minimal T4 Lysozyme)
4U16	mT4-Lysozyme
4XNW	Rubredoxin
4ZJC	Pyrococcus abysii glycogen synthase (PGS)
5CXV	T4-Lysozyme
5D5A	T4-Lysozyme
5DGY	T4-Lysozyme
5DHG	BRIL
5DHH	BRIL
5DSG	minimal T4-Lysozyme (mT4L)
5EE7	T4-Lysozyme
5K2C	BRIL
5L7D	BRIL
5L7I	BRIL
5NDZ	T4-Lysozyme
5NDZ	BRIL
5T04	T4-Lysozyme
5UEN	BRIL
5UNF	BRIL
5UNH	BRIL
5V56	Flavodoxin
5V57	Flavodoxin
5VEW	T4-Lysozyme
5WIU	BRIL
5X7D	T4-Lysozyme
5XF1	T4-Lysozyme
5XRA	Flavodoxin
5ZHP	T4-Lysozyme
5ZKQ	minimal T4-Lysozyme (mT4L)
6AKX	Rubredoxin
6AKY	Rubredoxin
6C1R	BRIL
6CMO	BRIL
6D26	T4-Lysozyme
6D27	T4-Lysozyme
6D32	BRIL
6FJ3	GlgA glycogen synthase
6H7J	Thioredoxin 1
6H7O	Thioredoxin 1
6K42	T4-Lysozyme
6KUW	BRIL
6LN2	Rubredoxin
6LPL	BRIL
6ME6	BRIL
6ME6	Rubredoxin
6ME7	BRIL
6ME7	Rubredoxin
6PT2	BRIL
6PT3	BRIL
6RZ5	BRIL
6TPJ	GlgA glycogen synthase
6VI4	BRIL
6VMS	T4-Lysozyme
6WH4	BRIL
6WHA	BRIL
6YVR	DARPin D12
6Z8N	DARPin D12
7B6W	DARPin D12
7BVQ	T4-Lysozyme
7BW0	BRIL
7C6A	BRIL
7CFM	BRIL
7CFN	BRIL
7D68	LgBiT
7D68	HiBiT
7DTY	BRIL
7DTY	Maltose-binding protein
7E2X	BRIL
7E2Y	BRIL
7E2Z	BRIL
7EIB	BRIL
7EIB	LgBiT
7EIB	HiBiT
7EZC	BRIL
7F1T	Rubredoxin
7F2O	BRIL
7F2O	LgBiT
7F4D	BRIL
7F4D	LgBiT
7F4F	BRIL
7F4F	LgBiT
7F4H	BRIL
7F4H	LgBiT
7F4I	BRIL
7F4I	LgBiT
7F61	BRIL
7F6G	Maltose-binding protein (MBP)
7F6H	Maltose-binding protein
7F83	BRIL
7F9Y	BRIL
7F9Z	BRIL
7FIM	BRIL
7FIM	LgBiT
7FIN	BRIL
7FIY	BRIL
7IN4	BRIL
7INC	BRIL
7IOF	BRIL
7ION	BRIL
7IOR	BRIL
7IPF	BRIL
7S0G	T4-Lysozyme
7S8P	BRIL
7SRR	BRIL
7UM4	PGS
7V3Z	Flavodoxin
7VOD	BRIL
7VQX	LgBiT
7VUH	Endo-1,4-beta-xylanase
7VUI	Endo-1,4-beta-xylanase
7VUJ	Endo-1,4-beta-xylanase
7VUY	BRIL
7W3Z	Maltodextrin-binding protein
7W3Z	LgBiT
7W3Z	HiBiT
7W40	Maltose-binding protein (MBP)
7W40	LgBiT (NanoBiT)
7W53	BRIL
7W53	LgBiT
7W55	BRIL
7W56	BRIL
7W56	LgBiT
7W57	BRIL
7WUI	mCherry
7WVY	BRIL
7XBD	BRIL
7XP4	Endoglucanase H
7XP5	Endoglucanase H
7XP6	Endoglucanase H
7XW9	BRIL
7XWO	BRIL
7Y15	BRIL
7YJ4	BRIL
7YJ4	LgBiT
7YJ4	HiBiT
7YM8	mT4-Lysozyme
7YMH	minimal-T4 Lysozyme (mT4L)
7YXA	BRIL
7ZI0	BRIL
8DCR	T4-Lysozyme
8DCS	T4-Lysozyme
8EIT	T4-Lysozyme
8EJC	T4-Lysozyme
8EJK	T4-Lysozyme
8GTM	Endolysin
8GY7	BRIL
8H8J	BRIL
8HCQ	LgBiT
8HCQ	HiBiT
8HCX	LgBiT (Oplophorus-luciferin 2-monooxygenase)
8HCX	HiBiT peptide
8HJ5	BRIL
8HJ5	LgBiT
8HJ5	HiBiT
8IBU	BRIL
8IBV	BRIL
8IBV	LgBiT
8IBV	HiBiT
8IRU	BRIL
8ITM	BRIL
8IUK	BRIL
8IUL	BRIL
8IUM	BRIL
8IW1	BRIL
8IW9	BRIL
8IZB	BN (Beta-2-AR fragment)
8IZB	LgBiT
8J46	BRIL
8JBF	BRIL
8JBG	BRIL
8JBG	LgBiT
8JBH	BRIL
8JBH	LgBiT
8JCU	FK506-binding protein (FKBP)
8JCU	Rapamycin-binding fragment (FRB)
8JCX	Peptidyl-prolyl cis-trans isomerase FKBP1A
8JCX	mTOR (FRB fragment)
8JGF	BRIL
8JHB	BRIL
8JLJ	BRIL
8JLK	BRIL
8JLN	BRIL
8JLP	BRIL
8JLQ	BRIL
8JLR	BRIL
8JPB	BRIL
8JPB	LgBiT
8JPB	HiBiT
8JPC	BRIL
8JPC	LgBiT
8JPC	HiBiT
8JPP	BRIL
8JPP	Oplophorus-luciferin 2-monooxygenase catalytic subunit
8JSO	BRIL
8JSR	NLuc fragment
8JXR	MBP-PrA/G legobody scaffold
8JXR	BRIL
8JXS	MBP_PrA/G
8JXS	BRIL
8K4S	BRIL
8K4S	Green fluorescent protein (GFP)
8K8J	BRIL
8K8J	LgBiT
8K9K	BRIL
8KIG	BRIL
8KIG	GlgA glycogen synthase
8RWI	BRIL
8S4D	BRIL
8SZG	LgBiT
8SZG	HiBiT
8TF5	BRIL
8TH3	BRIL
8THK	T4-Lysozyme
8THL	T4-Lysozyme
8UHB	BRIL
8UHB	Beta-2 adrenergic receptor (N-terminal fragment)
8VY9	BRIL
8VY9	LgBiT
8W1V	Endolysin
8W77	BRIL
8W8X	BRIL
8WA3	BRIL
8WCB	BRIL
8WG9	T4-Lysozyme
8WG9	Maltose-binding protein (MBP)
8WG9	LgBiT
8WG9	HiBiT
8WGB	T4-Lysozyme
8WGB	HiBiT
8WGB	LgBiT
8WGC	LgBiT
8WGC	HiBiT
8WGC	T4-Lysozyme
8WGC	Maltose-binding protein
8WGD	T4-Lysozyme
8WGD	Maltose-binding protein
8WGD	LgBiT
8WGD	HiBiT
8WJX	BRIL
8WJX	Gaussia luciferase (NanoLuc)
8WM9	LgBiT
8WM9	HiBiT
8WMA	LgBiT
8WMA	HiBiT
8WPU	LgBiT
8WRZ	BRIL
8WWH	Fusion protein 1
8WWH	Fusion protein 2
8WZ2	BRIL
8X16	BRIL
8X17	BRIL
8X17	LgBiT
8XGO	BRIL
8XGO	LgBiT
8XGO	SmBiT
8XJK	LgBiT
8XJK	beta-2 adrenergic receptor N-terminal fragment (BN)
8XJL	LgBiT
8XJL	BN (beta-2 adrenergic receptor N-terminus fragment)
8XJM	LgBiT and BN Fusion
8XJN	LgBiT
8XJN	b2 adrenergic receptor N-terminal fragment (BN)
8XJO	LgBiT
8XJO	BN (beta-2 adrenergic receptor N-terminal fragment)
8XOR	LgBiT
8XQL	NanI sialidase
8XQL	LgBiT
8XQL	HiBiT
8XQN	NanI sialidase
8XQN	LgBiT
8XQN	HiBiT
8XQO	NanI sialidase (catalytic domain)
8XQO	LgBiT
8XQO	HiBiT
8XQP	NanI sialidase
8XQP	LgBiT
8XQP	HiBiT
8XQR	NanI sialidase
8XQR	LgBiT
8XQR	HiBiT
8XQS	Exo-alpha-sialidase (NanI)
8XQS	LgBiT
8XQT	NanI sialidase
8XQT	LgBiT
8XQT	HiBiT
8XVE	Sialidase H
8XVH	Sialidase H
8XVH	BRIL
8XVI	Endoglucanase H
8XVI	BRIL
8XXU	BRIL
8XXU	LgBiT
8Y52	BRIL
8Y52	LgBiT
8Y52	HiBiT
8Y53	BRIL
8YH0	LgBiT
8YH0	eGFP
8YH2	GFP
8YH2	Hemagglutinin (HA) tag
8YH3	GFP
8YH3	Hemagglutinin
8YH5	GFP
8YH5	Hemagglutinin
8YH6	HA-signal peptide
8YH6	LgBiT
8YH6	eGFP
8YKY	NanI sialidase
8YKY	LgBiT
8YNS	BRIL
8YRG	BRIL
8YRQ	Maltose/maltodextrin-binding periplasmic protein
8ZBE	HA-Flag-beta2AR(1-24) fusion
8ZBE	LgBiT
8ZBE	HiBiT
8ZFA	BRIL
8ZJD	LgBiT
8ZJD	HiBiT
8ZMD	LgBiT
8ZMD	HiBiT
8ZYU	BRIL
9AST	LargeBit
9B5Y	LargeBit
9B5Y	HiBiT
9CBL	T4-Lysozyme
9CBM	T4-Lysozyme
9CLW	LargeBit
9D3E	BRIL
9D3G	BRIL
9DQH	BRIL
9DQJ	BRIL
9DYD	BRIL
9EAH	BRIL
9EAI	BRIL
9EAJ	BRIL
9GE2	Folding Reporter GFP
9GYO	BRIL
9ITB	BRIL
9ITB	LgBiT
9ITB	HiBiT
9ITE	BRIL
9ITE	LgBiT
9IXX	BRIL
9IXX	NanoBiT (LargeBit/SmBiT)
9IYB	BRIL
9IYB	LgBiT
9IYB	HiBiT
9IZG	BRIL
9IZG	LgBiT tag
9J31	BRIL
9J31	LgBiT
9J31	HiBiT
9J5V	LgBiT
9J5V	HiBiT
9JFK	BRIL
9JFT	BRIL
9JH5	BRIL
9JH5	Endoglucanase H
9JH6	BRIL
9JHP	Endoglucanase H
9JMC	BRIL
9JMD	BRIL
9JVG	BRIL
9K07	LgBiT
9K07	HiBiT (Peptide 86 subunit)
9KDF	Calcineurin CN-B
9KDF	Calcineurin CN-A
9KDG	Calcineurin
9KPD	Sialidase NanA
9KPE	NanA (exo-alpha-sialidase)
9KPE	LgBiT
9KUV	BRIL
9KUV	V2R C-tail
9KUW	BRIL
9KUX	BRIL
9KZK	Muscarinic acetylcholine receptor M4 N-terminal region
9LDV	BRIL
9LDZ	BRIL
9LE0	BRIL
9LE1	BRIL
9LL9	b562RIL
9LL9	LgBiT
9LL9	HiBiT
9LLA	b562RIL
9LLA	LgBiT
9LLB	BRIL
9LLB	LgBiT
9LLB	HiBiT
9LLJ	LgBiT
9LRS	BRIL
9LWP	LgBiT
9LWP	HiBiT
9M1H	BRIL
9M1H	LgBiT
9M1R	BRIL
9M1S	BRIL
9M1U	BRIL
9M42	Endo-1,4-beta-xylanase
9M54	BRIL
9M54	LgBiT
9M54	HiBiT
9M88	Glycogen synthase (PGS)
9M88	BRIL
9MD1	BRIL
9OXB	BRIL
9P1S	BRIL
9PEE	BRIL
9PXU	BRIL
9PY2	b562RIL
9QXL	Green fluorescent protein
9RKI	Endolysin
9UAM	Oplophorus-luciferin 2-monooxygenase catalytic subunit
9UAM	Beta-2 adrenergic receptor
9UAN	Beta-2 adrenergic receptor
9UAN	Oplophorus-luciferin 2-monooxygenase catalytic subunit
9UAP	De novo designed fusion protein
9UAZ	Clip fusion protein
9UCP	De novo designed fusion protein
9UTB	mScarlet3
9UTB	mNeonGreen
9UY3	BRIL
9UY3	LgBiT
9V2N	BRIL
9V81	BRIL
9VJ6	BRIL
9VMN	BRIL
9VMO	BRIL
9VMP	BRIL
9VO2	BRIL
9VUS	BRIL
9VUS	Maltose-binding protein (MBP)
9VV6	BRIL
9VV6	Maltose/maltodextrin-binding periplasmic protein
9W32	BRIL
9W33	BRIL
9W3K	MBP-ProteinA-ProteinG fusion
9W3K	BRIL
9WDI	M4-Receptor (residues 2-23)
9WEY	LgBiT
9WEY	HiBiT
9XDR	BRIL
9XDR	LgBiT
9XDR	HiBiT
9XF4	BRIL
9XF4	LgBiT
9XF4	HiBiT
9XHH	LgBiT
9XHH	HiBiT
9XHI	LgBiT
9XHI	HiBiT
9XQB	BRIL
9XQC	Maltose-binding protein
9XQC	LgBiT
10KT	BRIL
11TD	BRIL
11TF	BRIL
11TH	BRIL
11TK	BRIL
11TL	BRIL
21AG	BRIL
22EM	BRIL
24XZ	BRIL
24XZ	LgBiT tag
24XZ	GFP
3D4S	T4-Lysozyme
3EML	T4-Lysozyme
3NY8	T4-Lysozyme
3NY9	T4-Lysozyme
3NYA	T4-Lysozyme
3OE9	T4-Lysozyme
3P0G	T4-Lysozyme
3PBL	T4-Lysozyme
3PDS	T4-Lysozyme
3QAK	T4-Lysozyme
3RZE	T4-Lysozyme
3UON	T4-Lysozyme
3V2W	T4-Lysozyme
3V2Y	T4-Lysozyme
3VW7	T4-Lysozyme
4DJH	T4-Lysozyme
4EJ4	T4-Lysozyme
4GBR	T4-Lysozyme
4GRV	T4-Lysozyme
4IAQ	BRIL
4IAR	BRIL
4IB4	BRIL
4JKV	BRIL
4L6R	BRIL
4LDE	T4-Lysozyme
4LDL	T4-Lysozyme
4LDO	T4-Lysozyme
4N4W	BRIL
4N6H	BRIL
4NC3	BRIL
4NTJ	BRIL
4O9R	BRIL
4OO9	T4-Lysozyme
4OR2	BRIL
4PHU	T4-Lysozyme
4PXZ	BRIL
4PY0	BRIL
4QIM	BRIL
4QIN	BRIL
4RWA	BRIL
4RWD	BRIL
4RWS	T4-Lysozyme
4S0V	Pyrococcus abysii glycogen synthase (PGS)
4U14	dsT4L (disulfide-stabilized T4 lysozyme)
4XEE	T4-Lysozyme
4XES	T4-Lysozyme
4XNV	Rubredoxin
4YAY	BRIL
4Z34	BRIL
4Z35	BRIL
4Z36	BRIL
4Z9G	T4-Lysozyme
4ZJ8	Glycogen synthase
4ZUD	BRIL
4ZWJ	T4-Lysozyme
5CGC	Endolysin
5CGD	Endolysin
5D5B	T4-Lysozyme
5D6L	T4-Lysozyme
5GLH	T4-Lysozyme
5GLI	mT4L
5IU4	BRIL
5IU7	BRIL
5IU8	BRIL
5IUA	BRIL
5IUB	BRIL
5JQH	T4-Lysozyme
5JTB	BRIL
5K2A	BRIL
5K2B	BRIL
5K2D	BRIL
5KW2	T4-Lysozyme
5MZJ	BRIL
5MZP	BRIL
5N2R	BRIL
5N2S	BRIL
5NDD	T4-Lysozyme
5NDD	BRIL
5NJ6	BRIL
5NLX	BRIL
5NM2	BRIL
5NM4	BRIL
5OLG	BRIL
5OLH	BRIL
5OLO	BRIL
5OLV	BRIL
5OLZ	BRIL
5OM1	BRIL
5OM4	BRIL
5T1A	T4-Lysozyme
5TGZ	Flavodoxin
5TUD	BRIL
5TVN	BRIL
5TZR	Endolysin
5TZY	T4-Lysozyme
5U09	PGS (Pyrococcus abyssi glycogen synthase)
5UIG	BRIL
5UIW	Rubredoxin
5UNG	BRIL
5UVI	BRIL
5VBL	Rubredoxin
5VEX	T4-Lysozyme
5VRA	BRIL
5W0P	T4-Lysozyme
5WB1	Nanobody-7
5WB2	Nanobody 7
5WF5	T4-Lysozyme
5WF6	T4-Lysozyme
5WIV	BRIL
5WQC	GlgA glycogen synthase
5WS3	PGS (GlgA glycogen synthase)
5X33	T4-Lysozyme
5X93	T4-Lysozyme
5XEZ	T4-Lysozyme
5XJM	BRIL
5XPR	T4-Lysozyme
5XR8	Flavodoxin
5XSZ	T4-Lysozyme
5YC8	BRIL
5YQZ	T4-Lysozyme
5ZBH	T4-Lysozyme
5ZBQ	T4-Lysozyme
5ZK3	BRIL
5ZK8	BRIL
5ZKB	BRIL
5ZKC	BRIL
5ZKP	Flavodoxin
5ZTY	T4-Lysozyme
6A93	BRIL
6A94	BRIL
6AK3	BRIL
6AQF	BRIL
6B73	BRIL
6BD4	Rubredoxin
6BQG	BRIL
6BQH	BRIL
6C1Q	BRIL
6CM4	T4-Lysozyme
6D35	BRIL
6D9H	Muscarinic acetylcholine receptor M4 N-terminus
6DO1	BRIL
6DRX	BRIL
6DRY	BRIL
6DRZ	BRIL
6DS0	BRIL
6E59	GlgA glycogen synthase
6FFH	Endolysin
6FFI	T4-Lysozyme
6GDG	Thioredoxin (TrxA)
6GPS	Rubredoxin
6GPX	Rubredoxin
6GT3	BRIL
6H7L	Thioredoxin 1
6H7M	Thioredoxin 1
6H7N	Thioredoxin 1
6HLL	PGS (Pyrococcus abysii glycogen synthase)
6HLO	GlgA glycogen synthase
6HLP	PGS (Pyrococcus abysii glycogen synthase)
6IBL	Thioredoxin 1
6IGK	T4-Lysozyme
6IGL	T4-Lysozyme
6IIU	BRIL
6IIU	Rubredoxin
6IIV	BRIL
6IIV	Rubredoxin
6IQL	BRIL
6J20	T4-Lysozyme
6J21	mini-T4L
6JOD	BRIL
6JZH	BRIL
6K1Q	T4-Lysozyme
6K41	T4-Lysozyme
6KJV	Endolysin
6KK1	T4-Lysozyme
6KK7	T4-Lysozyme
6KK7	BRIL
6KNM	Rubredoxin
6KO5	BRIL
6KP6	PGS (Pyrococcus abyssi glycogen synthase)
6KPC	Endolysin (T4-Lysozyme)
6KPF	BRIL
6KPG	BRIL
6KQI	GlgA glycogen synthase
6LFL	GlgA glycogen synthase (PGS)
6LI0	Flavodoxin
6LI1	Flavodoxin
6LI2	Rubredoxin
6LPJ	BRIL
6LPK	BRIL
6LRY	T4-Lysozyme
6LUQ	T4-Lysozyme
6LW5	BRIL
6M9T	T4-Lysozyme
6ME2	GlgA glycogen synthase
6ME3	GlgA glycogen synthase
6ME4	Pyrococcus abyssi glycogen synthase (PGS)
6ME5	Pyrococcus abyssi glycogen synthase (PGS)
6ME8	BRIL
6ME8	Rubredoxin
6ME9	BRIL
6ME9	Rubredoxin
6MH8	BRIL
6MXT	T4-Lysozyme
6N48	T4-Lysozyme
6NI3	T4-Lysozyme
6OBA	T4-Lysozyme
6OL9	T4-Lysozyme
6OS0	BRIL
6OS1	BRIL
6OS2	BRIL
6PRZ	T4-Lysozyme
6PS0	T4-Lysozyme
6PS1	T4-Lysozyme
6PS2	T4-Lysozyme
6PS3	T4-Lysozyme
6PS4	T4-Lysozyme
6PS5	T4-Lysozyme
6PS6	T4-Lysozyme
6PS7	BRIL
6PS8	GlgA glycogen synthase
6QZH	Sialidase NanA
6RZ4	BRIL
6RZ6	BRIL
6RZ7	BRIL
6RZ8	BRIL
6RZ9	BRIL
6S0L	BRIL
6S0Q	BRIL
6TPG	GlgA glycogen synthase
6TPK	Pyrococcus abysii glycogen synthase (PGS)
6TPN	GlgA glycogen synthase
6V9S	GlgA glycogen synthase
6VN7	LgBiT
6VN7	HiBiT
6W25	Pyrococcus abyssi glycogen synthase (PGS)
6WGT	BRIL
6WJC	T4-Lysozyme
6WQA	BRIL
6WW2	BRIL
6WWZ	BRIL
6Z4Q	DARPin D12
6Z4S	DARPin D12
6Z4V	DARPin D12
6Z66	DARPin D12
6ZA8	DARPin-D12
6ZDR	BRIL
6ZDV	BRIL
6ZFZ	T4-Lysozyme (Endolysin)
6ZG4	T4-Lysozyme
6ZG9	Endolysin (T4-Lysozyme)
6ZIN	DARPin D12
7ARO	BRIL
7BR3	GlgA glycogen synthase
7BTS	T4-Lysozyme
7BU6	T4-Lysozyme
7BU7	T4-Lysozyme
7C61	BRIL
7CMU	BRIL
7CMV	BRIL
7DDZ	T4-Lysozyme
7DDZ	Flavodoxin
7DFP	BRIL
7E32	BRIL
7E33	BRIL
7EJX	BRIL
7EO2	LgBiT
7EO2	HiBiT
7EO4	LgBiT
7EPD	FKBP12
7EPD	FRB
7EPE	Flavodoxin
7EPF	Flavodoxin
7EVY	T4-Lysozyme
7EVZ	T4-Lysozyme
7EW0	T4-Lysozyme
7EW7	T4-Lysozyme
7EXD	BRIL
7F6I	Maltose-binding protein
7F8U	T4-Lysozyme
7F8X	T4-Lysozyme
7F8Y	T4-Lysozyme
7FEE	GlgA glycogen synthase
7IN1	BRIL
7IN2	BRIL
7IN3	BRIL
7IN5	BRIL
7IN6	BRIL
7IN7	BRIL
7IN8	BRIL
7IN9	BRIL
7INA	BRIL
7INB	BRIL
7IND	BRIL
7INE	BRIL
7INF	BRIL
7ING	BRIL
7INH	BRIL
7INI	BRIL
7INJ	BRIL
7INK	BRIL
7INL	BRIL
7INM	BRIL
7INN	BRIL
7INO	BRIL
7INP	BRIL
7INQ	BRIL
7INR	BRIL
7INT	BRIL
7INU	BRIL
7INV	BRIL
7INW	BRIL
7INX	BRIL
7INY	BRIL
7INZ	BRIL
7IO0	BRIL
7IO1	BRIL
7IO2	BRIL
7IO3	BRIL
7IO4	BRIL
7IO5	BRIL
7IO6	BRIL
7IO7	BRIL
7IO8	BRIL
7IO9	BRIL
7IOA	BRIL
7IOB	BRIL
7IOC	BRIL
7IOD	BRIL
7IOE	BRIL
7IOG	BRIL
7IOH	BRIL
7IOI	BRIL
7IOJ	BRIL
7IOK	BRIL
7IOL	BRIL
7IOM	BRIL
7IOO	BRIL
7IOP	BRIL
7IOQ	BRIL
7IOS	BRIL
7IOT	BRIL
7IOU	BRIL
7IOV	BRIL
7IOW	BRIL
7IOX	BRIL
7IOY	BRIL
7IOZ	BRIL
7IP0	BRIL
7IP1	BRIL
7IP2	BRIL
7IP3	BRIL
7IP4	BRIL
7IP5	BRIL
7IP6	BRIL
7IP7	BRIL
7IP8	BRIL
7IP9	BRIL
7IPA	BRIL
7IPB	BRIL
7IPC	BRIL
7IPD	BRIL
7IPE	BRIL
7IPG	BRIL
7JNI	BRIL
7JOZ	T4-Lysozyme
7JVP	b2-Adrenergic Receptor N-terminal tail
7JVR	BRIL
7K15	Flavodoxin
7M8W	T4-Lysozyme
7P2L	T4-Lysozyme
7PP1	BRIL
7PX4	BRIL
7PYR	BRIL
7RM5	BRIL
7S8M	BRIL
7S8O	BRIL
7SBF	BRIL
7SRQ	BRIL
7SRS	BRIL
7SUS	Rubredoxin
7T2G	BRIL
7T2H	BRIL
7T32	BRIL
7TUY	BRIL
7UM6	BRIL
7V68	BRIL
7V69	BRIL
7V6A	BRIL
7V9L	LgBiT subunit
7V9L	HiBiT subunit
7VAB	BRIL
7VDH	BRIL
7VDL	BRIL
7VDM	BRIL
7VIE	BRIL
7VIF	BRIL
7VIG	BRIL
7VIH	BRIL
7VOE	BRIL
7VUG	Endo-1,4-beta-xylanase
7VV3	BRIL
7VV5	BRIL
7W0L	BRIL
7W0M	BRIL
7W0N	BRIL
7W0O	BRIL
7W0P	BRIL
7W41	GlgA glycogen synthase
7WC4	BRIL
7WC6	BRIL
7WC7	BRIL
7WC8	BRIL
7WC9	BRIL
7WCM	BRIL
7WF7	LgBiT
7WF7	HiBiT
7WJ5	BRIL
7WUQ	mCherry
7WVV	BRIL
7WVW	BRIL
7WVX	BRIL
7WY8	LgBiT
7WY8	HiBiT
7WYB	LgBiT
7WZ4	BRIL
7X5H	BRIL
7X5H	LgBiT
7X5H	HiBiT
7XAT	LargeBit
7XAT	HiBiT
7XAU	LargeBit
7XAV	LargeBit
7XK2	BRIL
7XK9	T4-Lysozyme
7XKA	T4-Lysozyme
7XN9	Endo-1,4-beta-xylanase
7XNA	Endo-1,4-beta-xylanase
7XT8	BRIL
7XT9	BRIL
7XTA	BRIL
7XTB	BRIL
7XTC	BRIL
7XY6	BRIL
7XY6	LgBiT
7XY6	HiBiT
7XY7	BRIL
7XY7	LgBiT
7XY7	HiBiT
7XZ5	BRIL
7XZ6	BRIL
7Y12	BRIL
7Y13	BRIL
7Y14	BRIL
7YIT	BRIL
7YK6	BRIL
7YK6	LgBiT
7YK7	BRIL
7YON	BRIL
7YOO	BRIL
7YS6	BRIL
7ZL9	BRIL
7ZLY	BRIL
8A2O	BRIL
8A2P	BRIL
8C9W	BRIL
8CIC	BRIL
8CU6	BRIL
8CU7	BRIL
8CXO	PGS (GlgA glycogen synthase)
8DU3	BRIL
8EA0	LgBiT
8FY8	BRIL
8FYE	BRIL
8FYL	BRIL
8FYN	BRIL
8FYT	BRIL
8FYX	BRIL
8GNE	BRIL
8GTG	T4-Lysozyme
8GTI	Endolysin
8GUQ	BRIL
8GUR	BRIL
8GUS	BRIL
8GUT	BRIL
8H2G	BRIL
8HBD	LgBiT
8HIX	BRIL
8HMV	BRIL
8HN8	BRIL
8HNK	BRIL
8HNK	LgBiT
8HNK	HiBiT
8HNL	BRIL
8HNL	luci_oplgr (LgBit)
8HNM	BRIL
8HNM	LgBiT
8HNM	HiBiT
8HNN	BRIL
8HOC	BRIL
8HQE	BRIL
8HQM	BRIL
8HQN	BRIL
8HS2	BRIL
8HS3	BRIL
8HSC	BRIL
8HVI	BRIL
8I7V	BRIL
8I7W	BRIL
8IHB	BRIL
8IHB	LgBiT
8IHB	HiBiT
8IHF	BRIL
8IHF	LgBiT
8IHH	BRIL
8IHH	LgBiT
8IHI	BRIL
8IHI	LgBiT
8IHI	HiBiT
8IHJ	BRIL
8IHK	BRIL
8IKJ	BRIL
8INR	LgBiT subunit
8INR	HiBiT
8INR	HA signal peptide
8IOC	HA signal peptide
8IOC	LgBiT subunit
8IOC	HiBiT
8IOD	LgBiT subunit
8IOD	HiBiT
8IOD	HA signal peptide
8IRR	Beta-2 adrenergic receptor N-terminal fragment
8IRS	BRIL
8IRT	BRIL
8IRV	BRIL
8ITF	BRIL
8IU2	BRIL
8IW4	BRIL
8IW7	BRIL
8IWM	BRIL
8IWM	LgBiT
8IY6	LgBiT
8IYX	Pyrococcus abyssi glycogen synthase (PGS)
8J18	BRIL
8J19	BRIL
8J1A	BRIL
8J21	BRIL
8J22	BRIL
8J24	BRIL
8J6J	LgBiT
8J6P	BRIL
8J6Q	BRIL
8J9O	BRIL
8JCV	FKBP1A
8JCV	mTOR (FRB fragment)
8JCW	Peptidyl-prolyl cis-trans isomerase FKBP1A
8JCW	mTOR (FRB domain)
8JCY	Peptidyl-prolyl cis-trans isomerase FKBP1A
8JCY	Serine/threonine-protein kinase mTOR (FRB fragment)
8JCZ	FKBP1A
8JCZ	FRB (mTOR fragment)
8JD0	FKBP1A
8JD0	FRB (mTOR fragment)
8JD1	Peptidyl-prolyl cis-trans isomerase FKBP1A
8JD1	Serine/threonine-protein kinase mTOR (FRB fragment)
8JD2	FKBP1A
8JD2	mTOR (FRB fragment)
8JD4	FKBP1A
8JD4	mTOR (FRB fragment)
8JH7	BRIL
8JHC	BRIL
8JJ8	BRIL
8JJL	mBRIL
8JJO	mBRIL
8JLO	BRIL
8JMT	BRIL
8JPF	BRIL
8JPF	LgBiT
8JPN	BRIL
8JPN	NanoLuc (Oplophorus-luciferin 2-monooxygenase)
8JSP	BRIL
8JT6	BRIL
8JT8	BRIL
8JWY	T4-Lysozyme
8JWZ	T4-Lysozyme
8K2W	BRIL
8K2W	Kappa-type opioid receptor (ICL3)
8K2X	BRIL
8K2X	NanoBiT (Oplophorus-luciferin 2-monooxygenase catalytic subunit)
8K4O	BRIL
8K4P	BRIL
8K5B	BRIL
8K5C	BRIL
8K5D	BRIL
8K9L	BRIL
8KEX	BRIL
8KEX	GFP
8KFX	LgBiT
8KFY	LgBiT
8KFY	HiBiT
8KFZ	LgBiT
8PWN	BRIL
8QJ2	BRIL
8QJ2	Red fluorescent protein drFP583
8RLN	BRIL
8RQQ	BRIL
8RVW	BRIL
8RW0	BRIL
8RW4	BRIL
8RW7	BRIL
8RWC	BRIL
8RWD	BRIL
8RWE	BRIL
8RWH	BRIL
8RWX	BRIL
8SAI	BRIL
8T1V	BRIL
8T1W	BRIL
8TB7	BRIL
8TH4	BRIL
8TLM	Green fluorescent protein
8TRC	SNAP-tag
8TRD	mVenus
8TRD	Twin-Strep-tag
8U1U	EGFP
8U4N	mEGFP
8U4O	monomeric eGFP
8U4P	monomeric eGFP
8U4Q	GFP
8U4R	mEGFP
8UGW	T4-Lysozyme (T4Lcp)
8UGY	BRIL
8UH3	b562RIL
8VHF	BRIL
8VHF	LgBiT
8VHF	HiBiT
8VY7	BRIL
8VY7	LgBiT
8W87	BRIL
8W88	BRIL
8W89	BRIL
8W8B	BRIL
8W8Q	BRIL
8W8W	BRIL
8W8Y	BRIL
8WC4	BRIL
8WC6	BRIL
8WCC	BRIL
8WKY	PGS (GlgA glycogen synthase)
8WKZ	Glycogen synthase (PGS)
8WKZ	BRIL
8WOG	BRIL
8WP1	BRIL
8WSS	BRIL
8WWJ	Fusion protein 1, Fusion protein 2
8WWK	Fusion protein 1
8WWK	Fusion protein 2
8WWL	Fusion protein
8WWM	Fusion protein 1
8WWM	Fusion protein 2
8WWN	Fusion protein 1
8WWN	Fusion protein 2
8X2K	BRIL
8X5X	BRIL
8X5Y	BRIL
8X63	BRIL
8X64	BRIL
8X79	BRIL
8X7A	BRIL
8X7A	LgBiT
8XML	BRIL
8XML	HiBiT
8XOS	LgBiT
8XQE	BRIL
8XQF	BRIL
8XQI	BRIL
8XQJ	BRIL
8XVJ	Endoglucanase H (GunH)
8XVJ	BRIL
8XVK	Endoglucanase H
8XVK	BRIL
8XVL	Endoglucanase H
8XVL	BRIL
8XXV	BRIL
8XXV	LgBiT
8Y01	BRIL
8Y01	LgBiT subunit
8Y01	HiBiT tag
8Y02	BRIL
8Y02	LgBiT
8Y02	HiBiT
8Y45	BRIL
8Y62	BRIL
8Y6Y	BRIL
8Y71	LgBiT
8YIC	Endolysin
8YNT	BRIL
8YZK	BRIL
8Z3Y	BRIL
8Z74	BRIL
8Z7J	BRIL
8Z87	BRIL
8Z8A	BRIL
8Z8B	BRIL
8ZBI	BRIL
8ZBJ	BRIL
8ZCE	Endoglucanase H
8ZCF	Endoglucanase H
8ZCJ	LgBiT
8ZCJ	beta2AR-N-terminal-segment
8ZCJ	HiBiT
8ZD1	BRIL
8ZFZ	BRIL
8ZFZ	LgBiT
8ZFZ	HiBiT
8ZMF	BRIL
8ZMG	BRIL
8ZPL	BRIL
8ZPM	BRIL
8ZPN	BRIL
8ZQE	BRIL
8ZQE	Maltose-binding protein (MBP)
8ZSJ	BRIL
8ZSP	BRIL
8ZSS	BRIL
8ZSV	BRIL
8ZVZ	BRIL
8ZW0	BRIL
8ZWF	BRIL
8ZWG	Beta-2 adrenergic receptor fusion segment
8ZX4	LgBiT
8ZX4	HiBiT
8ZX5	LgBiT
8ZX5	HiBiT
8ZYT	BRIL
8ZYY	BRIL
9B9Y	Glycogen synthase
9B9Z	Glycogen synthase (PGS)
9BA0	Glycogen synthase (PGS)
9BS9	BRIL
9BSB	BRIL
9CHU	Calcineurin subunit B type 1
9CHV	Calcineurin subunit B type 1
9CHX	Calcineurin subunit B type 1
9DYE	BRIL
9DYF	BRIL
9EE5	BRIL
9EHS	BRIL
9EI5	BRIL
9EKH	BRIL
9F33	Green fluorescent protein
9F34	EGFP
9FUP	BRIL
9GE3	Green fluorescent protein
9H2X	BRIL
9H37	BRIL
9HAP	BRIL
9HB3	BRIL
9HC0	Endolysin (T4-Lysozyme)
9HC3	Endolysin
9I3T	BRIL
9I52	Beta-2 adrenergic receptor
9I54	Beta-2 adrenergic receptor (fusion segment)
9IBW	BRIL
9IK8	BRIL
9IK9	BRIL
9IPY	BRIL
9IQR	BRIL
9IQS	mBril
9IQV	BRIL
9ISI	BRIL
9IY8	BRIL
9IYA	BRIL
9IZF	BRIL
9IZF	LgBiT tag
9IZH	BRIL
9IZH	LgBiT
9J05	BRIL
9J0B	BRIL
9J0F	BRIL
9J0I	BRIL
9JEA	BRIL
9JED	BRIL
9JEQ	BRIL
9JEQ	LgBiT
9JF4	de novo design protein
9JFU	BRIL
9JFU	Maltose-binding protein (MBP)
9JFW	Endoglucanase H
9JG0	BRIL
9JG1	BRIL
9JGK	BRIL
9JHJ	BRIL
9JKQ	BRIL
9JQY	GFP-like fluorescent chromoprotein
9JQZ	GFP-like fluorescent chromoprotein
9JRO	BRIL
9JRO	GFP-like fluorescent chromoprotein
9JRT	BRIL
9JRT	GFP-like fluorescent chromoprotein
9K3F	LgBiT
9K3F	HiBiT
9K3H	LgBiT
9K3H	HiBiT
9K3K	LgBiT
9K3K	HiBiT
9K3L	LgBiT subunit
9K3L	HiBiT
9K3P	LgBiT subunit
9K3P	HiBiT subunit
9K6L	exo-alpha-sialidase NanA
9K6L	LgBiT
9KFI	BRIL
9KFI	LgBiT
9KFJ	BRIL
9KFJ	LgBiT
9KFK	BRIL
9KFK	LgBiT
9KPF	exo-alpha-sialidase (NanA)
9KPF	LgBiT
9KT7	BRIL
9KT8	BRIL
9KUG	N-terminal M4-fusion tag
9KUT	Muscarinic acetylcholine receptor M4 N-terminal fragment
9KV6	M4 receptor N-terminal fragment
9KVG	BRIL
9KVH	BRIL
9KVI	BRIL
9KVP	M4 N-terminal region fusion
9KWG	M4 N-terminal tag
9KWX	Muscarinic acetylcholine receptor M4 (residues 2-23)
9KX6	M4 receptor N-terminal region (residues 2-23)
9KXS	Muscarinic acetylcholine receptor M4 (residues 2-23) N-terminal fusion
9KZ2	M4 receptor N-terminal tag
9KZ8	Muscarinic acetylcholine receptor M4 (N-terminal tag)
9L0H	Muscarinic acetylcholine receptor M4 N-terminal segment
9L3Z	BRIL
9L9O	BRIL
9LGM	Endoglucanase H
9LKB	MBP
9LKB	BRIL
9LL7	BRIL
9LL7	LgBiT
9LL8	BRIL
9LL8	LgBiT (NanoBiT)
9LLF	LgBiT
9LLG	BRIL
9LLH	LgBiT
9LMO	BRIL
9LMP	BRIL
9LRC	EGFP fusion protein
9LYB	BRIL
9LYD	Aspartate racemase
9M0D	BRIL
9M0R	BRIL
9M0R	LgBiT
9M0R	HiBiT
9M1O	BRIL
9M2F	BRIL
9M2F	LgBiT
9M2F	HiBiT
9M4Q	mBRIL
9M4T	mBRIL
9M8P	BRIL
9M8V	BRIL
9OXA	BRIL
9P0K	FP506
9P0L	GFP-like fluorescent chromoprotein FP506
9P0M	GFP-like fluorescent chromoprotein FP506
9P1T	BRIL
9PA1	BRIL
9PA2	BRIL
9PXV	BRIL
9PXW	BRIL
9PXX	BRIL
9PXY	BRIL
9PY3	BRIL
9PY4	BRIL
9QC1	DARPin-fusion
9QD4	DARPin fusion
9QP4	BRIL
9R42	BRIL
9RKF	Endolysin
9RKG	Endolysin
9RKH	Endolysin
9T9P	Beta-lactamase (Small exopenicillinase)
9T9P	Green fluorescent protein (GFP)
9U4J	BRIL
9U80	BRIL
9U81	BRIL
9UMJ	M4 N-terminus
9UMR	Muscarinic acetylcholine receptor M4 N-terminal fragment (2-23)
9UMX	Muscarinic acetylcholine receptor M4
9UPM	BRIL
9UPN	BRIL
9UPO	BRIL
9UPU	BRIL
9UPU	LgBiT
9UPU	HiBiT
9UPV	BRIL
9UPV	LgBiT
9UT8	mScarlet3
9UT8	mNeonGreen
9UTA	mScarlet3
9UTA	mNeonGreen
9UVT	BRIL
9UVU	BRIL
9UVV	BRIL
9UVW	BRIL
9UVX	BRIL
9UVY	ARK1
9UVZ	ARK1
9UWD	BRIL
9V3C	M4 Muscarinic Receptor N-terminal fragment (residues 2-23)
9V6O	BRIL
9V82	BRIL
9VJ5	BRIL
9VJE	BRIL
9VJF	BRIL
9VJG	BRIL
9VJT	Oplophorus-luciferin 2-monooxygenase catalytic subunit
9VMY	BRIL
9VNF	BRIL
9VNY	BRIL
9VNZ	BRIL
9VO0	BRIL
9VO1	BRIL
9W0H	Endo-1,4-beta-xylanase
9W0L	Endo-1,4-beta-xylanase
9W0P	b562RIL
9W0Q	BRIL
9W3F	T4-Lysozyme
9W49	BRIL
9W6W	BRIL
9WIJ	BRIL
9WIK	BRIL
9WIK	LgBiT tag
9WST	LgBiT
9WST	HiBiT
9XDQ	BRIL
9XDQ	LgBiT (Oplophorus-luciferin 2-monooxygenase)
9XDQ	HiBiT
9XQN	BRIL
9YFU	BRIL
