PDB	Name
20ZX	scFv16
23SO	scFv16
24XY	scFv16
25IK	scFv16
25IL	scFv16
25ST	scFv16
25SU	scFv16
26XH	scFv16
6K42	scFv16
6OIJ	scFv16
6VMS	scFv16
6WHA	scFv16
6XBL	scFv16
6XBM	scFv16
6XOX	scFv16
7D77	scFv16
7DFL	scFv16
7EQ1	scFv16
7EZM	scFv16
7F2O	scFv16
7F4F	scFv16
7F4H	scFv16
7F8W	scFv16
7F9Z	scFv16
7L1U	scFv16
7L1V	scFv16
7P00	scFv16
7QVM	scFv16
7RAN	scFv16
7RKF	scFv16
7RKM	scFv16
7RYC	scFv16
7S8L	scFv16
7S8N	scFv16
7S8P	scFv16
7SR8	scFv16
7SRR	scFv16
7T6U	scFv16
7TRY	scFv16
7TS0	scFv16
7VKT	scFv16
7VUY	scFv16
7VUZ	scFv16
7W3Z	scFv16
7W40	scFv16
7W53	scFv16
7W55	scFv16
7W56	scFv16
7W57	scFv16
7W7E	scFv16
7WKD	scFv16
7WUI	scFv16
7WV9	scFv16
7X1T	scFv16
7X1U	scFv16
7XBD	scFv16
7XJK	scFv16
7XJL	scFv16
7XOW	scFv16
7XW9	scFv16
7XWO	scFv16
7XXH	scFv16
7Y15	scFv16
7Y26	scFv16
7Y27	scFv16
7YFC	scFv16
7YFD	scFv16
7YJ4	scFv16
8DPF	scFv16
8DPG	scFv16
8DPH	scFv16
8DPI	scFv16
8DWC	scFv16
8DWG	scFv16
8DZR	scFv16
8E9W	scFv16
8E9Y	scFv16
8E9Z	scFv16
8EIT	scFv16
8EJC	scFv16
8EJK	scFv16
8F7Q	scFv16
8F7R	scFv16
8FMZ	scFv16
8FX5	scFv16
8G59	scFv16
8G94	scFv16
8H0P	scFv16
8H0Q	scFv16
8H8J	scFv16
8HCQ	scFv16
8HCX	scFv16
8HJ5	scFv16
8I9A	scFv16
8IA7	scFv16
8IBU	scFv16
8IBV	scFv16
8IRU	scFv16
8IUK	scFv16
8IUL	scFv16
8IUM	scFv16
8IW1	scFv16
8IW9	scFv16
8IZ4	scFv16
8JBF	scFv16
8JBG	scFv16
8JBH	scFv16
8JD5	scFv16
8JGF	scFv16
8JLJ	scFv16
8JLK	scFv16
8JLN	scFv16
8JLQ	scFv16
8JLR	scFv16
8JRV	scFv30
8JSO	scFv16
8JSR	scFv16
8K3Z	scFv16
8K4S	scFv16
8K9K	scFv16
8RQL	scFv16
8T3O	scFv16
8T3Q	scFv16
8T3S	scFv16
8T3V	scFv16
8TB0	scFv16
8THK	scFv16
8THL	scFv16
8UWL	scFv16
8V6U	scFv16
8VVG	scFv16
8VY9	scFv16
8W8R	scFv16
8WC9	scFv16
8WCA	scFv16
8WCB	scFv16
8WPU	scFv16
8WRB	scFv16
8WRZ	scFv30
8WWH	scFv16
8WZ2	scFv16
8X16	scFv16
8X17	scFv16
8X8L	scFv16
8X8N	scFv16
8X9T	scFv16
8X9U	scFv16
8XGO	scFv16
8XGS	scFv16
8XJK	scFv16
8XJL	scFv16
8XJM	scFv16
8XJN	scFv16
8XJO	scFv16
8XOG	scFv16
8XOH	scFv16
8XOI	scFv16
8XOJ	scFv16
8XOR	scFv16
8XQN	scFv16
8XQO	scFv16
8XQP	scFv16
8XQS	scFv16
8XQT	scFv16
8XXU	scFv16
8Y53	scFv16
8YFS	scFv16
8YH0	scFv16
8YH2	scFv16
8YH3	scFv16
8YH5	scFv16
8YH6	scFv16
8YKD	scFv16
8YKY	scFv16
8YN2	scFv16
8YN4	scFv16
8YRG	scFv16
8YRQ	scFv16
8YUU	scFv16
8YYW	scFv16
8YYX	scFv16
8Z3M	scFv16
8Z9P	scFv16
8ZBE	scFv16
8ZFA	scFv16
8ZH8	scFv16
8ZJD	scFv16
8ZJE	scFv16
8ZPS	scFv16
8ZPT	scFv16
9ARY	scFv16
9AS0	scFv16
9AS2	scFv16
9AS4	scFv16
9AS6	scFv16
9AS8	scFv16
9ASA	scFv16
9AST	scFv16
9AXF	scFv16
9AYF	scFv16
9B5Y	scFv16
9CLW	scFv16
9CM3	scFv16
9D0A	scFv16
9D4Z	scFv16
9DQH	scFv16
9DQJ	scFv16
9E7R	scFv16
9EJZ	scFv16
9GE2	scFv16
9GGG	scFv16
9IJD	scFv16
9IJE	scFv16
9IQT	scFv16
9ITE	scFv16
9IXX	scFv16
9IYB	scFv16
9IZG	scFv16
9J31	scFv16
9J5V	scFv16
9J87	scFv16
9JH5	scFv16
9JH6	scFv16
9JHP	scFv16
9JMC	scFv16
9JMD	scFv16
9JR2	scFv16
9JR3	scFv16
9JVG	scFv16
9K07	scFv16
9KPE	scFv16
9KUV	scFv30
9KUW	scFv30
9KUX	scFv30
9KZK	scFv16
9L42	scFv16
9L74	scFv16
9L8L	scFv30
9LDV	scFv16
9LDW	scFv16
9LDX	scFv16
9LE0	scFv16
9LE1	scFv16
9LE2	scFv16
9LR1	scFv16
9LRS	scFv16
9M1R	scFv16
9M1S	scFv16
9M1U	scFv16
9M54	scFv16
9M55	scFv16
9M57	scFv16
9OXB	scFv16
9U4W	scFv16
9U4Y	scFv16
9UAM	scFv16
9UAN	scFv16
9UCO	scFv30
9UK2	scFV16
9UST	scFv16
9UYN	scFv30
9V0X	scFv16
9V1H	scFv16
9V2N	scFv16
9V81	scFv16
9VAW	scFv16
9VB6	scFv16
9VJ6	scFv16
9VMG	scFv16
9VMN	scFv16
9VMO	scFv16
9VMP	scFv16
9VO2	scFv16
9VPM	scFv16
9VUS	scFv16
9VV6	scFv16
9WP9	scFv16
9WPM	scFv16
9WQL	scFv16
9WQM	scFv16
9WQN	scFv16
9X3Z	scFv16
9X40	scFv16
9XHH	scFv16
9XHI	scFv16
9XQC	scFv16
9YDA	scFv16
9YGZ	scFv16
12IZ	scFv16
20ZC	scFv16
20ZG	scFv16
20ZH	scFv16
20ZI	scFv16
20ZJ	scFv16
20ZK	scFv16
21AG	scFv16
22ES	scFv16
23IV	scFv16
23IW	scFv16
24QH	scFv16
24XB	scFv16
24XZ	scFv16
6DDE	scFv16
6K41	scFv16
6KPF	scFv16
6KPG	scFv16
6LFM	scFv16
6LFO	scFv16
6LML	scFv16
6N4B	scFv16
6OIK	scFv16
6OMM	scFv16
6OS9	scFv16
6PT0	scFv16
6WWZ	scFv16
6XBJ	scFv16
6XBK	scFv16
7AUE	scFv16
7CMU	scFv16
7CMV	scFv16
7DB6	scFv16
7DW9	scFv16
7E32	scFv16
7E33	scFv16
7E9G	scFv16
7E9H	scFv16
7EB2	scFv16
7EJ0	scFv16
7EJ8	scFv16
7EJA	scFv16
7EJK	scFv16
7EJX	scFv16
7EO2	scFv16
7EO4	scFv16
7EUO	scFv16
7EVY	scFv16
7EVZ	scFv16
7EW0	scFv16
7EW1	scFv16
7EW2	scFv16
7EW3	scFv16
7EW4	scFv16
7EW7	scFv16
7EXD	scFv16
7EZH	scFv16
7JHJ	scFv16
7JVR	scFv16
7KH0	scFv16
7NA7	scFv16
7NA8	scFv16
7P02	scFv16
7R0C	scFv30
7RA3	scFv16
7RBT	scFv16
7RG9	scFv16
7RGP	scFv16
7RKN	scFv16
7S8M	scFv16
7S8O	scFv16
7SBF	scFv16
7SCG	scFv16
7SQO	scFv16
7T10	scFv16
7T11	scFv16
7T2H	scFv16
7T6B	scFv16
7T6S	scFv16
7T6V	scFv16
7T8X	scFv16
7T90	scFv16
7T94	scFv16
7T96	scFv16
7TRK	scFv16
7TRP	scFv16
7TRQ	scFv16
7TRS	scFv16
7TUZ	scFv16
7U2L	scFv16
7UM5	scFv16
7UM6	scFv16
7UM7	scFv16
7V68	scFv16
7V69	scFv16
7V6A	scFv16
7VDH	scFv16
7VDL	scFv16
7VDM	scFv16
7VFX	scFv16
7VGX	scFv16
7VGY	scFv16
7VGZ	scFv16
7VH0	scFv16
7VIE	scFv16
7VIF	scFv16
7VIG	scFv16
7VIH	scFv16
7VL8	scFv16
7VL9	scFv16
7VLA	scFv16
7VUG	scFv16
7VV3	scFv16
7VV5	scFv16
7W0L	scFv16
7W0M	scFv16
7W0N	scFv16
7W0O	scFv16
7W0P	scFv16
7W2Z	scFv16
7W6P	scFv16
7WF7	scFv16
7WIC	scFv16
7WIG	scFv16
7WJ5	scFv16
7WQ3	scFv16
7WU9	scFv16
7WUJ	scFv16
7WY0	scFv16
7WYB	scFv16
7WZ4	scFv16
7WZ7	scFv16
7X10	scFv16
7X2V	scFv16
7X5H	scFv16
7X9Y	scFv16
7XA3	scFv16
7XAT	scFv16
7XAU	scFv16
7XAV	scFv16
7XJJ	scFv16
7XK2	scFv16
7XMS	scFv16
7XMT	scFv16
7XTA	scFv16
7Y12	scFv16
7Y1F	scFv16
7Y24	scFv16
7Y64	scFv16
7Y65	scFv16
7Y66	scFv16
7Y67	scFv16
7Y89	scFv16
7YAC	scFv16
7YAE	scFv16
7YDH	scFv16
7YDJ	scFv16
7YK6	scFv16
7YK7	scFv16
7YKD	scFv16
7YON	scFv16
7YOO	scFv16
7YS6	scFv16
7YU3	scFv16
7YU5	scFv16
7YU6	scFv16
7YU7	scFv16
7YU8	scFv16
8DZP	scFv16
8DZQ	scFv16
8DZS	scFv16
8E9X	scFv16
8EF5	scFv16
8EF6	scFv16
8EFB	scFv16
8EFL	scFv16
8EFO	scFv16
8F7W	scFv16
8F7X	scFv16
8FEG	scFv16
8FN0	scFv16
8FN1	scFv16
8G05	scFv16
8GAG	scFv16
8GCM	scFv16
8GCP	scFv16
8GHV	scFv16
8GUQ	scFv16
8GUR	scFv16
8GUS	scFv16
8GUT	scFv16
8H2G	scFv16
8HBD	scFv16
8HK2	scFv16
8HK3	scFv16
8HN8	scFv16
8HNK	scFv16
8HNL	scFv16
8HNM	scFv16
8HOC	scFv16
8HPT	scFv16
8HQC	scFv16
8HQE	scFv16
8HQM	scFv16
8HQN	scFv16
8HS3	scFv16
8HSC	scFv16
8HVI	scFv16
8I7V	scFv16
8I7W	scFv16
8I95	scFv16
8I97	scFv16
8I9L	scFv16
8I9S	scFv16
8IA2	scFv16
8IA8	scFv16
8IC0	scFv16
8ID3	scFv16
8ID4	scFv16
8ID6	scFv16
8ID8	scFv16
8ID9	scFv16
8IED	scFv16
8IHB	scFv16
8IHF	scFv16
8IHH	scFv16
8IHI	scFv16
8IHJ	scFv16
8IJ3	scFv16
8IJA	scFv16
8IJB	scFv16
8IJD	scFv16
8IKG	scFv16
8IKH	scFv16
8IRS	scFv16
8IRT	scFv16
8ITF	scFv16
8IU2	scFv16
8IW4	scFv16
8IW7	scFv16
8IY5	scFv16
8IY9	scFv16
8IYH	scFv16
8IYS	scFv16
8IYW	scFv16
8J18	scFv16
8J19	scFv16
8J1A	scFv16
8J20	scFv16
8J21	scFv16
8J22	scFv16
8J23	scFv16
8J24	scFv16
8J6D	scFv16
8J6I	scFv16
8J6J	scFv16
8J6L	scFv16
8J6P	scFv16
8J6Q	scFv16
8J6R	scFv16
8JD6	scFv16
8JEF	scFv16
8JEI	scFv16
8JER	scFv16
8JGB	scFv16
8JGG	scFv16
8JHN	scFv16
8JHY	scFv16
8JII	scFv16
8JIL	scFv16
8JIM	scFv16
8JJP	scFv16
8JPN	scFv16
8JRU	scFv30
8JSP	scFv16
8JT6	scFv16
8JXT	scFv16
8JXV	scFv16
8JXW	scFv16
8JXX	scFv16
8JZ7	scFv16
8JZP	scFv16
8JZZ	scFv16
8K2X	scFv16
8K4N	scFv16
8K6M	scFv16
8K6N	scFv16
8K6O	scFv16
8K9L	scFv16
8KFX	scFv16
8KFY	scFv16
8KFZ	scFv16
8KGG	scFv16
8P13	scFv16
8P15	scFv16
8SAI	scFv16
8SG1	scFv16
8TZQ	scFv16
8U1U	scFv16
8UH3	scFv16
8UTD	scFv16
8UUJ	scFv16
8VVE	scFv16
8VVF	scFv16
8VY7	scFv16
8W8B	scFv16
8WC3	scFv16
8WC4	scFv16
8WC5	scFv16
8WC6	scFv16
8WC7	scFv16
8WC8	scFv16
8WSS	scFv16
8WWI	scFv16
8WWJ	scFv16
8WWK	scFv16
8WWL	scFv16
8WWM	scFv16
8WWN	scFv16
8X2K	scFv16
8X3L	scFv16
8XBE	scFv16
8XBH	scFv16
8XGM	scFv16
8XGU	scFv16
8XML	scFv16
8XOS	scFv16
8XQE	scFv16
8XQF	scFv16
8XWP	scFv16
8XWQ	scFv16
8XWV	scFv16
8XX3	scFv16
8XX6	scFv16
8XXH	scFv16
8XXR	scFv16
8XXV	scFv16
8XXX	scFv16
8XXZ	scFv16
8XYD	scFv16
8XYK	scFv16
8XZF	scFv16
8XZH	scFv16
8XZI	scFv16
8XZJ	scFv16
8Y01	scFv16
8Y02	scFv16
8Y0N	scFv16
8Y45	scFv16
8Y51	scFv16
8Y62	scFv16
8Y63	scFv16
8Y6W	scFv16
8Y71	scFv16
8Y72	scFv16
8Y73	scFv16
8YKV	scFv16
8YKW	scFv16
8YKX	scFv16
8YN5	scFv16
8YN6	scFv16
8YN7	scFv16
8YN8	scFv16
8YN9	scFv16
8YNA	scFv16
8YUV	scFv16
8YZK	scFv150-18
8Z3Q	scFv16
8Z3Y	scFv16
8Z65	scFv16
8Z68	scFv16
8Z7J	scFv16
8Z8A	scFv16
8Z8B	scFv16
8ZBI	scFv16
8ZBJ	scFv16
8ZD1	scFv16
8ZF6	scFv16
8ZF9	scFv16
8ZFC	scFv16
8ZFZ	scFv16
8ZJG	scFv16
8ZME	scFv16
8ZQE	scFv16
8ZWG	scFv16
9B54	scFv16
9B65	scFv16
9BQJ	scFv16
9BSB	scFv16
9BUY	scFv16
9CGJ	scFv16
9CGK	scFv16
9CM7	scFv16
9EBH	scFv16
9EGO	scFv16
9EJC	scFv16
9ERX	scFv16
9F33	scFv16
9F34	scFv16
9GE3	scFv16
9II2	scFv30
9II3	scFv30
9IJR	scFv30
9IJS	scFv30
9IK8	scFv16
9IK9	scFv16
9IPV	scFv16
9IV1	scFv16
9IV6	scFv16
9IY8	scFv16
9IZA	scFv16
9IZC	scFv16
9IZD	scFv16
9IZF	scFv16
9IZH	scFv16
9J0B	scFv16
9J0I	scFv16
9J8Z	scFv16
9JED	scFv16
9JEQ	scFv16
9JFY	scFv16
9JH3	scFv16
9JHJ	scFv16
9JIC	scFv16
9JID	scFv16
9JKS	scFv16
9JKT	scFv16
9JKV	scFv16
9JKX	scFv16
9JKY	scFv16
9JLC	scFv16
9K20	scFv16
9K26	scFv16
9K27	scFv16
9K3F	scFv16
9K3H	scFv16
9K3K	scFv16
9K3L	scFv16
9K3P	scFv16
9K6L	scFv16
9KFI	scFv16
9KFJ	scFv16
9KFK	scFv16
9KFT	scFv16
9KO4	scFv16
9KPF	scFv16
9KT7	scFv16
9KT8	scFv16
9KT9	scFv16
9KUG	scFv16
9KUT	scFv16
9KV6	scFv16
9KV8	scFv16
9KVG	scFv16
9KVH	scFv16
9KVI	scFv16
9KVP	scFv16
9KWG	scFv16
9KWX	scFv16
9KX6	scFv16
9KXS	scFv16
9KZ2	scFv16
9KZ8	scFv16
9L0H	scFv16
9L79	scFv16
9L80	scFv16
9LL7	scFv16
9LR2	scFv16
9LR3	scFv16
9LRD	scFv16
9LRE	scFv16
9LW5	scFv16
9M0R	scFv16
9M1O	scFv16
9M2F	scFv16
9MBA	scFv30
9NS9	scFv16
9O36	scFv16
9OXA	scFv16
9P0K	scFv16
9P0L	scFv16
9P0M	scFv16
9PA1	scFv16
9PA2	scFv16
9PA3	scFv16
9PA4	scFv16
9PA5	scFv16
9PA6	scFv16
9PLO	scFv16
9PPW	scFv16
9PPX	scFv16
9PPY	scFv16
9PPZ	scFv16
9PQ0	scFv16
9PXV	scFv16
9UMJ	scFv16
9UMR	scFv16
9UMX	scFv16
9UPU	scFv16
9UPV	scFv16
9UWV	scFv16
9UYH	scFv30
9UYI	scFv30
9UYJ	scFv30
9UYL	scFv30
9UYM	scFv30
9V6O	scFv16
9VAT	scFv16
9VAU	scFv16
9VAV	scFv16
9VAX	scFv16
9VAY	scFv16
9VAZ	scFv16
9VB0	scFv16
9VB1	scFv16
9VB2	scFv16
9VB3	scFv16
9VB4	scFv16
9VB5	scFv16
9VB7	scFv16
9VI9	scFv16
9VIF	scFv16
9VJ5	scFv16
9VJE	scFv16
9VJF	scFv16
9VJG	scFv16
9VJT	scFv16
9VMY	scFv16
9VNF	scFv16
9VNY	scFv16
9VNZ	scFv16
9VO0	scFv16
9VO1	scFv16
9VPN	scFv16
9W49	scFv16
9W6W	scFv16
9WIK	scFv16
9WQK	scFv16
9WXM	scFv16
9X20	scFv16
9YDU	scFv16
9YDV	scFv16